path,truth,pred,frames,fps,fall_frame,peak_probability
dataset\Subject 1\ADL\01.mp4,ADL,NO FALL,245,29.61249929494049,,0.5296063263648008
dataset\Subject 1\ADL\02.mp4,ADL,FALL,198,29.598477223124682,41,0.7888428944459054
dataset\Subject 1\ADL\03.mp4,ADL,NO FALL,199,29.74840918264128,,0.6804880647599594
dataset\Subject 1\ADL\04.mp4,ADL,NO FALL,170,29.263422443323638,,0.08327873552934417
dataset\Subject 1\ADL\05.mp4,ADL,NO FALL,314,29.775451373084508,,0.3834829300375633
dataset\Subject 1\ADL\06.mp4,ADL,NO FALL,364,29.773833381047808,,0.20766277896407614
dataset\Subject 1\ADL\07.mp4,ADL,NO FALL,224,29.71912770822185,,0.030912669765006014
dataset\Subject 1\ADL\08.mp4,ADL,NO FALL,187,29.73240832507433,,0.17280631713138994
dataset\Subject 1\ADL\09.mp4,ADL,NO FALL,147,29.43768023069529,,0.09894525454054878
dataset\Subject 1\ADL\10.mp4,ADL,NO FALL,115,29.32750750189141,,0.0787472218795111
dataset\Subject 1\ADL\11.mp4,ADL,NO FALL,277,29.741666249114193,,0.28657281591776995
dataset\Subject 1\ADL\12.mp4,ADL,NO FALL,218,29.742684845783725,,0.17079018914034344
dataset\Subject 1\ADL\13.mp4,ADL,NO FALL,187,29.656178634864247,,0.7141493367168007
dataset\Subject 1\ADL\14.mp4,ADL,NO FALL,173,29.533944118818642,,0.15478808653237083
dataset\Subject 1\ADL\15.mp4,ADL,NO FALL,212,29.570804874533305,,0.614140083540011
dataset\Subject 1\ADL\16.mp4,ADL,NO FALL,104,29.5337081842449,,0.6133463746981006
dataset\Subject 1\Fall\01.mp4,FALL,FALL,203,29.567986949302313,112,0.9416623119772953
dataset\Subject 1\Fall\02.mp4,FALL,NO FALL,189,29.67265876442421,,0.6748916332277669
dataset\Subject 1\Fall\03.mp4,FALL,FALL,176,29.721529532955433,104,0.930210616051052
dataset\Subject 1\Fall\04.mp4,FALL,FALL,146,29.427770947130792,74,0.7971732260375348
dataset\Subject 1\Fall\05.mp4,FALL,FALL,174,29.70482959557045,67,0.9796550475638266
dataset\Subject 1\Fall\06.mp4,FALL,FALL,169,29.663520890256674,76,0.9765755686104152
dataset\Subject 1\Fall\07.mp4,FALL,FALL,153,29.688561172019018,40,0.9664979323997486
dataset\Subject 1\Fall\08.mp4,FALL,FALL,129,29.631784874773167,40,0.9920661721153017
dataset\Subject 1\Fall\09.mp4,FALL,FALL,131,29.23106674798804,40,0.9896277483570669
dataset\Subject 1\Fall\10.mp4,FALL,FALL,133,29.57264197091653,32,0.992855737603573
dataset\Subject 1\Fall\11.mp4,FALL,FALL,181,29.684783678289108,42,0.9648654378631154
dataset\Subject 1\Fall\12.mp4,FALL,FALL,200,29.268007141393742,70,0.9794907519329975
dataset\Subject 1\Fall\13.mp4,FALL,FALL,128,29.620487503856836,17,0.9632229096460738
dataset\Subject 1\Fall\14.mp4,FALL,FALL,169,29.663000234027614,13,0.9497978716947477
dataset\Subject 1\Fall\15.mp4,FALL,FALL,178,29.658922392486406,90,0.7754768251633274
dataset\Subject 1\Fall\16.mp4,FALL,FALL,181,29.685270529578666,91,0.9227778348285959
dataset\Subject 2\ADL\01.mp4,ADL,NO FALL,340,29.841139814516836,,0.11851200303510116
dataset\Subject 2\ADL\02.mp4,ADL,NO FALL,352,29.84720267268133,,0.47306339799136443
dataset\Subject 2\ADL\03.mp4,ADL,NO FALL,356,29.822405897464538,,0.34254134561137073
dataset\Subject 2\ADL\04.mp4,ADL,NO FALL,234,29.841102505462366,,0.27697464901889085
dataset\Subject 2\ADL\05.mp4,ADL,NO FALL,323,29.85893272033674,,0.392879338413349
dataset\Subject 2\ADL\06.mp4,ADL,NO FALL,321,29.85102386222032,,0.45673982202995955
dataset\Subject 2\ADL\07.mp4,ADL,NO FALL,388,29.86131420567365,,0.08455360200955056
dataset\Subject 2\ADL\08.mp4,ADL,FALL,408,29.85598876009835,47,0.7815663913925607
dataset\Subject 2\ADL\09.mp4,ADL,NO FALL,327,29.83449609809801,,0.7030105479107208
dataset\Subject 2\ADL\10.mp4,ADL,NO FALL,226,29.86244775172766,,0.22878712495460016
dataset\Subject 2\ADL\11.mp4,ADL,NO FALL,298,29.84387048961974,,0.16767183553675957
dataset\Subject 2\ADL\12.mp4,ADL,NO FALL,227,29.862396183226192,,0.21416950360155992
dataset\Subject 2\ADL\13.mp4,ADL,FALL,145,29.907390219252107,31,0.7881535996345648
dataset\Subject 2\ADL\14.mp4,ADL,NO FALL,166,15.012344488088097,,0.3013135656817819
dataset\Subject 2\ADL\15.mp4,ADL,NO FALL,179,15.015015015015015,,0.22040384867900226
dataset\Subject 2\ADL\16.mp4,ADL,NO FALL,173,14.994626203325975,,0.08039150703804947
dataset\Subject 2\ADL\17.mp4,ADL,NO FALL,175,15.001414419073798,,0.10876015332533542
dataset\Subject 2\ADL\18.mp4,ADL,NO FALL,175,15.001714481655046,,0.10091501445482016
dataset\Subject 2\ADL\19.mp4,ADL,NO FALL,170,15.00520768972761,,0.15965693440760814
dataset\Subject 2\ADL\20.mp4,ADL,NO FALL,175,15.001628748264098,,0.42920321190065885
dataset\Subject 2\ADL\21.mp4,ADL,NO FALL,158,15.005698366468279,,0.5194747138012719
dataset\Subject 2\ADL\22.mp4,ADL,NO FALL,182,15.004987921809173,,0.5671348639481084
dataset\Subject 2\ADL\23.mp4,ADL,NO FALL,109,14.971910498193756,,0.034253711690747694
dataset\Subject 2\Fall\01.mp4,FALL,FALL,190,29.836214883560245,52,0.9885567702232476
dataset\Subject 2\Fall\02.mp4,FALL,FALL,252,29.829898554670393,88,0.975906603896024
dataset\Subject 2\Fall\03.mp4,FALL,FALL,210,29.822908727697907,4,0.9769389387711683
dataset\Subject 2\Fall\04.mp4,FALL,FALL,305,29.87374669021741,114,0.9225135404460353
dataset\Subject 2\Fall\05.mp4,FALL,FALL,135,29.813609728806572,31,0.9789263485147043
dataset\Subject 2\Fall\06.mp4,FALL,FALL,194,29.864225531347174,79,0.9918644800073737
dataset\Subject 2\Fall\07.mp4,FALL,FALL,135,29.81404867419502,67,0.9913960817886742
dataset\Subject 2\Fall\08.mp4,FALL,FALL,181,29.846644313747046,106,0.971137596508461
dataset\Subject 2\Fall\09.mp4,FALL,FALL,167,29.820541055325734,64,0.9771444300722856
dataset\Subject 2\Fall\10.mp4,FALL,FALL,167,14.99438832772166,38,0.9916127722031479
dataset\Subject 2\Fall\11.mp4,FALL,NO FALL,159,15.009439899307742,,0.6200596699008005
dataset\Subject 2\Fall\12.mp4,FALL,FALL,184,15.011340088436373,116,0.9160866078199215
dataset\Subject 2\Fall\13.mp4,FALL,NO FALL,133,14.950539568345324,,0.7475461552388456
dataset\Subject 2\Fall\14.mp4,FALL,NO FALL,168,14.998080602780002,,0.7873995337697852
dataset\Subject 2\Fall\15.mp4,FALL,FALL,348,29.832066042022067,240,0.9756000990935174
dataset\Subject 2\Fall\16.mp4,FALL,FALL,120,29.869569546314427,40,0.9905152776596744
dataset\Subject 2\Fall\17.mp4,FALL,FALL,194,29.858250265492174,95,0.9888431307486739
dataset\Subject 2\Fall\18.mp4,FALL,FALL,345,29.860994904877586,312,0.9833163865977198
dataset\Subject 2\Fall\19.mp4,FALL,FALL,463,29.829975581942236,259,0.9540032866668339
dataset\Subject 2\Fall\20.mp4,FALL,FALL,342,29.849096235697306,247,0.9850002978183301
dataset\Subject 2\Fall\21.mp4,FALL,FALL,283,29.82180680105799,201,0.9926707353713755
dataset\Subject 2\Fall\22.mp4,FALL,FALL,155,29.80005126890541,52,0.9923210750660137
dataset\Subject 2\Fall\23.mp4,FALL,FALL,225,29.849426227695844,131,0.9924714758836874
dataset\Subject 2\Fall\24.mp4,FALL,FALL,213,29.843218023622377,127,0.992161983527182
dataset\Subject 2\Fall\25.mp4,FALL,FALL,218,29.871606900615244,111,0.9816252019457685
dataset\Subject 3\ADL\01.mp4,ADL,NO FALL,261,29.816644770663164,,0.027233044644622128
dataset\Subject 3\ADL\02.mp4,ADL,NO FALL,273,29.8767719953598,,0.11094561022006758
dataset\Subject 3\ADL\03.mp4,ADL,NO FALL,296,29.833396606115173,,0.18290125668885826
dataset\Subject 3\ADL\04.mp4,ADL,NO FALL,300,29.852231454301208,,0.5424001481130317
dataset\Subject 3\ADL\05.mp4,ADL,NO FALL,154,29.791267676474572,,0.5153365332458455
dataset\Subject 3\ADL\06.mp4,ADL,NO FALL,267,29.847742974042525,,0.609916432793821
dataset\Subject 3\ADL\07.mp4,ADL,NO FALL,100,29.890898221491558,,0.503341521060086
dataset\Subject 3\ADL\08.mp4,ADL,NO FALL,146,29.819246349184738,,0.47580131046378593
dataset\Subject 3\ADL\09.mp4,ADL,NO FALL,232,29.835518842244696,,0.2317624955703001
dataset\Subject 3\ADL\10.mp4,ADL,NO FALL,371,29.838582117761867,,0.09973517033891512
dataset\Subject 3\ADL\11.mp4,ADL,NO FALL,361,29.880395646235982,,0.10030386659466102
dataset\Subject 3\ADL\12.mp4,ADL,NO FALL,160,14.990630855715178,,0.16250831313754863
dataset\Subject 3\ADL\13.mp4,ADL,NO FALL,130,15.043684545507146,,0.6302479869540109
dataset\Subject 3\ADL\14.mp4,ADL,NO FALL,133,15.001748324052803,,0.5084501356568032
dataset\Subject 3\ADL\15.mp4,ADL,NO FALL,115,15.00280487221524,,0.16383584108531085
dataset\Subject 3\ADL\16.mp4,ADL,NO FALL,306,29.83250898549971,,0.023834062558544623
dataset\Subject 3\ADL\17.mp4,ADL,NO FALL,182,15.00482297881462,,0.043407122238893446
dataset\Subject 3\ADL\18.mp4,ADL,NO FALL,167,15.0160050832624,,0.3317434146455652
dataset\Subject 3\ADL\19.mp4,ADL,NO FALL,98,15.046136367125728,,0.5643229910699269
dataset\Subject 3\ADL\20.mp4,ADL,NO FALL,141,15.010699115326881,,0.01646023771308546
dataset\Subject 3\ADL\21.mp4,ADL,NO FALL,305,29.82826741775222,,0.26547357497086377
dataset\Subject 3\ADL\22.mp4,ADL,NO FALL,283,29.822121058843365,,0.063533811240801
dataset\Subject 3\Fall\01.mp4,FALL,FALL,114,29.925187032418954,19,0.9822332357718118
dataset\Subject 3\Fall\02.mp4,FALL,FALL,196,29.870307999451363,100,0.9200085361038134
dataset\Subject 3\Fall\03.mp4,FALL,FALL,167,29.812733190914553,60,0.9848468365561815
dataset\Subject 3\Fall\04.mp4,FALL,FALL,163,29.866972869306036,49,0.9903205269522699
dataset\Subject 3\Fall\05.mp4,FALL,FALL,300,29.852627528766323,106,0.9918861853845422
dataset\Subject 3\Fall\06.mp4,FALL,FALL,166,29.89034205835219,7,0.9916492241869592
dataset\Subject 3\Fall\07.mp4,FALL,FALL,269,29.804773195647837,40,0.9910479381295103
dataset\Subject 3\Fall\08.mp4,FALL,FALL,186,29.35003865999716,7,0.9912381418468813
dataset\Subject 3\Fall\09.mp4,FALL,FALL,186,29.88319846621003,106,0.9923471948138936
dataset\Subject 3\Fall\10.mp4,FALL,FALL,131,29.87071226067327,57,0.9637841162369034
dataset\Subject 3\Fall\11.mp4,FALL,FALL,267,29.847409311944553,160,0.9898135489631041
dataset\Subject 3\Fall\12.mp4,FALL,FALL,127,29.839057054469986,52,0.9435040648879444
dataset\Subject 3\Fall\13.mp4,FALL,FALL,121,29.889581463519065,46,0.9922871815577976
dataset\Subject 3\Fall\14.mp4,FALL,FALL,367,29.8238200494084,254,0.9310645662289889
dataset\Subject 3\Fall\15.mp4,FALL,FALL,85,15.04522417384019,36,0.958889861324779
dataset\Subject 3\Fall\16.mp4,FALL,FALL,91,14.96636679111228,33,0.9895337863454217
dataset\Subject 3\Fall\17.mp4,FALL,FALL,128,15.035179971887345,28,0.9271956261110702
dataset\Subject 3\Fall\18.mp4,FALL,NO FALL,178,14.991241072631722,,0.833904344451238
dataset\Subject 3\Fall\19.mp4,FALL,FALL,86,15.051630593314275,37,0.9144273878278609
dataset\Subject 3\Fall\20.mp4,FALL,FALL,94,15.060723555612523,40,0.9653578307597188
dataset\Subject 3\Fall\21.mp4,FALL,FALL,274,29.881238435560856,168,0.991688011877993
dataset\Subject 4\ADL\01.mp4,ADL,NO FALL,370,29.835341171158095,,0.06333210552809546
dataset\Subject 4\ADL\02.mp4,ADL,NO FALL,315,29.82540303745692,,0.09094547112887531
dataset\Subject 4\ADL\03.mp4,ADL,NO FALL,267,29.84674201012777,,0.21755182149387578
dataset\Subject 4\ADL\04.mp4,ADL,NO FALL,388,29.82443553924834,,0.026381515083278222
dataset\Subject 4\ADL\05.mp4,ADL,NO FALL,220,29.88453701607426,,0.4953095964014249
dataset\Subject 4\ADL\06.mp4,ADL,NO FALL,196,29.79810265142301,,0.46269476874235166
dataset\Subject 4\ADL\07.mp4,ADL,NO FALL,149,29.83938799214964,,0.38051194256717735
dataset\Subject 4\ADL\08.mp4,ADL,NO FALL,368,29.82776089159068,,0.5264387026412384
dataset\Subject 4\ADL\09.mp4,ADL,NO FALL,362,29.84467577579668,,0.09513024356931994
dataset\Subject 4\ADL\10.mp4,ADL,NO FALL,382,29.840952410711495,,0.6561701789486192
dataset\Subject 4\ADL\11.mp4,ADL,NO FALL,320,29.846662770019027,,0.27299868115926906
dataset\Subject 4\ADL\12.mp4,ADL,NO FALL,257,29.85143972216092,,0.07002047689165668
dataset\Subject 4\ADL\13.mp4,ADL,NO FALL,164,29.875034914929017,,0.019784985757132334
dataset\Subject 4\ADL\14.mp4,ADL,NO FALL,248,29.859132319300077,,0.2661083266087617
dataset\Subject 4\ADL\15.mp4,ADL,NO FALL,159,29.83356995878339,,0.6904867657898477
dataset\Subject 4\ADL\16.mp4,ADL,FALL,213,29.842103050993103,109,0.795831544690625
dataset\Subject 4\ADL\17.mp4,ADL,NO FALL,186,29.877758204336022,,0.3251711827833583
dataset\Subject 4\ADL\18.mp4,ADL,NO FALL,421,29.863592190540594,,0.14394339867126185
dataset\Subject 4\ADL\19.mp4,ADL,NO FALL,296,29.882891371651635,,0.2854456853750055
dataset\Subject 4\ADL\20.mp4,ADL,NO FALL,523,29.84921296243451,,0.4486267645296424
dataset\Subject 4\Fall\01.mp4,FALL,FALL,139,29.844337090713903,77,0.8677966967200496
dataset\Subject 4\Fall\02.mp4,FALL,NO FALL,89,29.892186607852576,,0.7780838139111894
dataset\Subject 4\Fall\03.mp4,FALL,FALL,200,29.82611375679787,77,0.8159425373094518
dataset\Subject 4\Fall\04.mp4,FALL,FALL,141,29.862969212196518,51,0.9583444160097079
dataset\Subject 4\Fall\05.mp4,FALL,FALL,221,29.826037275798623,88,0.978106829004901
dataset\Subject 4\Fall\06.mp4,FALL,FALL,183,29.85496685500492,39,0.9645073080719537
dataset\Subject 4\Fall\07.mp4,FALL,FALL,188,29.817447436175332,78,0.9889392578381404
dataset\Subject 4\Fall\08.mp4,FALL,FALL,187,29.883979842962617,83,0.8855585508222494
dataset\Subject 4\Fall\09.mp4,FALL,FALL,181,29.839755566790494,93,0.7526653431540059
dataset\Subject 4\Fall\10.mp4,FALL,FALL,151,29.856254984280977,70,0.9585591259610918
dataset\Subject 4\Fall\11.mp4,FALL,FALL,136,29.814971792698255,49,0.9900368029854238
dataset\Subject 4\Fall\12.mp4,FALL,FALL,138,29.83568751801672,49,0.9656278488323791
dataset\Subject 4\Fall\13.mp4,FALL,FALL,149,29.839587185666318,15,0.9731212466845951
dataset\Subject 4\Fall\14.mp4,FALL,FALL,157,29.907230438067906,31,0.9682857189427413
dataset\Subject 4\Fall\15.mp4,FALL,FALL,145,29.90019521046988,61,0.9916431079310384
dataset\Subject 4\Fall\16.mp4,FALL,FALL,212,29.83548264522515,112,0.9497314180668454
dataset\Subject 4\Fall\17.mp4,FALL,FALL,207,29.8725725528302,90,0.9732083014038351
